<?xml version="1.0" encoding="UTF-8"?>
<GenRun Id="impl_1" LaunchPart="xc7a35tcpg236-1" LaunchTime="1478726216">
  <File Type="OPT-DCP" Name="myDAC_opt.dcp"/>
  <File Type="ROUTE-STATUS-PB" Name="myDAC_route_status.pb"/>
  <File Type="PA-TCL" Name="myDAC.tcl"/>
  <File Type="RDI-RDI" Name="myDAC.vdi"/>
  <File Type="PWROPT-DRC" Name="myDAC_drc_pwropted.rpt"/>
  <File Type="OPT-METHODOLOGY-DRC" Name="myDAC_methodology_drc_opted.rpt"/>
  <File Type="INIT-TIMING" Name="myDAC_timing_summary_init.rpt"/>
  <File Type="OPT-DRC" Name="myDAC_drc_opted.rpt"/>
  <File Type="PWROPT-DCP" Name="myDAC_pwropt.dcp"/>
  <File Type="OPT-HWDEF" Name="myDAC.hwdef"/>
  <File Type="OPT-TIMING" Name="myDAC_timing_summary_opted.rpt"/>
  <File Type="PWROPT-TIMING" Name="myDAC_timing_summary_pwropted.rpt"/>
  <File Type="PLACE-DCP" Name="myDAC_placed.dcp"/>
  <File Type="PLACE-IO" Name="myDAC_io_placed.rpt"/>
  <File Type="PLACE-CLK" Name="myDAC_clock_utilization_placed.rpt"/>
  <File Type="PLACE-UTIL" Name="myDAC_utilization_placed.rpt"/>
  <File Type="PLACE-UTIL-PB" Name="myDAC_utilization_placed.pb"/>
  <File Type="PLACE-CTRL" Name="myDAC_control_sets_placed.rpt"/>
  <File Type="PLACE-SIMILARITY" Name="myDAC_incremental_reuse_placed.rpt"/>
  <File Type="PLACE-PRE-SIMILARITY" Name="myDAC_incremental_reuse_pre_placed.rpt"/>
  <File Type="PLACE-TIMING" Name="myDAC_timing_summary_placed.rpt"/>
  <File Type="POSTPLACE-PWROPT-DCP" Name="myDAC_postplace_pwropt.dcp"/>
  <File Type="POSTPLACE-PWROPT-TIMING" Name="myDAC_timing_summary_postplace_pwropted.rpt"/>
  <File Type="PHYSOPT-DCP" Name="myDAC_physopt.dcp"/>
  <File Type="PHYSOPT-DRC" Name="myDAC_drc_physopted.rpt"/>
  <File Type="PHYSOPT-TIMING" Name="myDAC_timing_summary_physopted.rpt"/>
  <File Type="ROUTE-DCP" Name="myDAC_routed.dcp"/>
  <File Type="ROUTE-BLACKBOX-DCP" Name="myDAC_routed_bb.dcp"/>
  <File Type="ROUTE-DRC" Name="myDAC_drc_routed.rpt"/>
  <File Type="ROUTE-DRC-PB" Name="myDAC_drc_routed.pb"/>
  <File Type="ROUTE-METHODOLOGY-DRC" Name="myDAC_methodology_drc_routed.rpt"/>
  <File Type="BG-BIT" Name="myDAC.bit"/>
  <File Type="ROUTE-METHODOLOGY-DRC-PB" Name="myDAC_methodology_drc_routed.pb"/>
  <File Type="ROUTE-PWR" Name="myDAC_power_routed.rpt"/>
  <File Type="ROUTE-PWR-SUM" Name="myDAC_power_summary_routed.pb"/>
  <File Type="ROUTE-PWR-RPX" Name="myDAC_power_routed.rpx"/>
  <File Type="ROUTE-STATUS" Name="myDAC_route_status.rpt"/>
  <File Type="ROUTE-TIMINGSUMMARY" Name="myDAC_timing_summary_routed.rpt"/>
  <File Type="ROUTE-TIMING-PB" Name="myDAC_timing_summary_routed.pb"/>
  <File Type="ROUTE-TIMING-RPX" Name="myDAC_timing_summary_routed.rpx"/>
  <File Type="ROUTE-SIMILARITY" Name="myDAC_incremental_reuse_routed.rpt"/>
  <File Type="ROUTE-CLK" Name="myDAC_clock_utilization_routed.rpt"/>
  <File Type="POSTROUTE-PHYSOPT-DCP" Name="myDAC_postroute_physopt.dcp"/>
  <File Type="POSTROUTE-PHYSOPT-BLACKBOX-DCP" Name="myDAC_postroute_physopt_bb.dcp"/>
  <File Type="POSTROUTE-PHYSOPT-TIMING" Name="myDAC_timing_summary_postroute_physopted.rpt"/>
  <File Type="POSTROUTE-PHYSOPT-TIMING-PB" Name="myDAC_timing_summary_postroute_physopted.pb"/>
  <File Type="POSTROUTE-PHYSOPT-TIMING-RPX" Name="myDAC_timing_summary_postroute_physopted.rpx"/>
  <File Type="BG-BIN" Name="myDAC.bin"/>
  <File Type="BITSTR-MSK" Name="myDAC.msk"/>
  <File Type="BITSTR-RBT" Name="myDAC.rbt"/>
  <File Type="BITSTR-NKY" Name="myDAC.nky"/>
  <File Type="BITSTR-BMM" Name="myDAC_bd.bmm"/>
  <File Type="BITSTR-MMI" Name="myDAC.mmi"/>
  <File Type="BITSTR-SYSDEF" Name="myDAC.sysdef"/>
  <File Type="BG-BGN" Name="myDAC.bgn"/>
  <File Type="BG-DRC" Name="myDAC.drc"/>
  <File Type="WBT-USG" Name="usage_statistics_webtalk.html"/>
  <FileSet Name="sources" Type="DesignSrcs" RelSrcDir="$PSRCDIR/sources_1">
    <Filter Type="Srcs"/>
    <File Path="$PPRDIR/../../../../../lab 3/project_4/project_4.srcs/sources_1/new/four_hertz_clock.v">
      <FileInfo>
        <Attr Name="UsedIn" Val="synthesis"/>
        <Attr Name="UsedIn" Val="implementation"/>
        <Attr Name="UsedIn" Val="simulation"/>
      </FileInfo>
    </File>
    <File Path="$PPRDIR/../../../../../lab 3/project_4/project_4.srcs/sources_1/new/dff.v">
      <FileInfo>
        <Attr Name="UsedIn" Val="synthesis"/>
        <Attr Name="UsedIn" Val="implementation"/>
        <Attr Name="UsedIn" Val="simulation"/>
      </FileInfo>
    </File>
    <File Path="$PPRDIR/../../../../../lab_5/project_1/project_1.srcs/sources_1/new/mod_clock.v">
      <FileInfo>
        <Attr Name="UsedIn" Val="synthesis"/>
        <Attr Name="UsedIn" Val="implementation"/>
        <Attr Name="UsedIn" Val="simulation"/>
      </FileInfo>
    </File>
    <File Path="$PPRDIR/../../../../../lab 3/project_4/project_4.srcs/sources_1/new/debouncer.v">
      <FileInfo>
        <Attr Name="UsedIn" Val="synthesis"/>
        <Attr Name="UsedIn" Val="implementation"/>
        <Attr Name="UsedIn" Val="simulation"/>
      </FileInfo>
    </File>
    <File Path="$PPRDIR/../../../../../lab_5/project_1/project_1.srcs/sources_1/new/DAC_CLOCK.v">
      <FileInfo>
        <Attr Name="UsedIn" Val="synthesis"/>
        <Attr Name="UsedIn" Val="implementation"/>
        <Attr Name="UsedIn" Val="simulation"/>
      </FileInfo>
    </File>
    <File Path="$PSRCDIR/sources_1/imports/EE2020/DA2RefComp.vhd">
      <FileInfo>
        <Attr Name="ImportPath" Val="$PPRDIR/../../../../../DA2RefComp.vhd"/>
        <Attr Name="ImportTime" Val="1475829739"/>
        <Attr Name="UsedIn" Val="synthesis"/>
        <Attr Name="UsedIn" Val="simulation"/>
      </FileInfo>
    </File>
    <File Path="$PSRCDIR/sources_1/new/variable_clock.v">
      <FileInfo>
        <Attr Name="ImportPath" Val="$PPRDIR/../../../../project_2.srcs/sources_1/new/variable_clock.v"/>
        <Attr Name="ImportTime" Val="1477906406"/>
        <Attr Name="UsedIn" Val="synthesis"/>
        <Attr Name="UsedIn" Val="implementation"/>
        <Attr Name="UsedIn" Val="simulation"/>
      </FileInfo>
    </File>
    <File Path="$PPRDIR/../../../../../lab_5/project_1/project_1.srcs/sources_1/new/myDAC.v">
      <FileInfo>
        <Attr Name="UsedIn" Val="synthesis"/>
        <Attr Name="UsedIn" Val="implementation"/>
        <Attr Name="UsedIn" Val="simulation"/>
      </FileInfo>
    </File>
    <File Path="$PSRCDIR/sources_1/new/debouncer2.v">
      <FileInfo>
        <Attr Name="ImportPath" Val="$PPRDIR/../../../../project_2.srcs/sources_1/new/debouncer2.v"/>
        <Attr Name="ImportTime" Val="1477055483"/>
        <Attr Name="UsedIn" Val="synthesis"/>
        <Attr Name="UsedIn" Val="implementation"/>
        <Attr Name="UsedIn" Val="simulation"/>
      </FileInfo>
    </File>
    <File Path="$PSRCDIR/sources_1/new/DATA_to_volts.v">
      <FileInfo>
        <Attr Name="ImportPath" Val="$PPRDIR/../../../../project_2.srcs/sources_1/new/DATA_to_volts.v"/>
        <Attr Name="ImportTime" Val="1478664464"/>
        <Attr Name="UsedIn" Val="synthesis"/>
        <Attr Name="UsedIn" Val="implementation"/>
        <Attr Name="UsedIn" Val="simulation"/>
      </FileInfo>
    </File>
    <Config>
      <Option Name="DesignMode" Val="RTL"/>
      <Option Name="TopModule" Val="myDAC"/>
      <Option Name="TopAutoSet" Val="TRUE"/>
    </Config>
  </FileSet>
  <FileSet Name="constrs_in" Type="Constrs" RelSrcDir="$PSRCDIR/constrs_1">
    <Filter Type="Constrs"/>
    <File Path="$PSRCDIR/constrs_1/imports/EE2020/Basys3_Master.xdc">
      <FileInfo>
        <Attr Name="ImportPath" Val="$PPRDIR/../../../../../Basys3_Master.xdc"/>
        <Attr Name="ImportTime" Val="1472447384"/>
        <Attr Name="UsedIn" Val="synthesis"/>
        <Attr Name="UsedIn" Val="implementation"/>
      </FileInfo>
    </File>
    <Config>
      <Option Name="ConstrsType" Val="XDC"/>
    </Config>
  </FileSet>
  <Strategy Version="1" Minor="2">
    <StratHandle Name="Vivado Implementation Defaults" Flow="Vivado Implementation 2016"/>
    <Step Id="init_design"/>
    <Step Id="opt_design"/>
    <Step Id="power_opt_design"/>
    <Step Id="place_design"/>
    <Step Id="post_place_power_opt_design"/>
    <Step Id="phys_opt_design"/>
    <Step Id="route_design"/>
    <Step Id="post_route_phys_opt_design"/>
    <Step Id="write_bitstream"/>
  </Strategy>
  <BlockFileSet Type="BlockSrcs" Name="cordic_1"/>
</GenRun>
