<?xml version="1.0" encoding="UTF-8"?>
<GenRun Id="synth_1" LaunchPart="xc7a35tcpg236-1" LaunchTime="1476024173">
  <File Type="PA-TCL" Name="whack_a_mole.tcl"/>
  <File Type="RDS-PROPCONSTRS" Name="whack_a_mole_drc_synth.rpt"/>
  <File Type="RDS-RDS" Name="whack_a_mole.vds"/>
  <File Type="RDS-UTIL" Name="whack_a_mole_utilization_synth.rpt"/>
  <File Type="RDS-UTIL-PB" Name="whack_a_mole_utilization_synth.pb"/>
  <File Type="RDS-DCP" Name="whack_a_mole.dcp"/>
  <File Type="VDS-TIMINGSUMMARY" Name="whack_a_mole_timing_summary_synth.rpt"/>
  <File Type="VDS-TIMING-PB" Name="whack_a_mole_timing_summary_synth.pb"/>
  <FileSet Name="sources" Type="DesignSrcs" RelSrcDir="$PSRCDIR/sources_1">
    <Filter Type="Srcs"/>
    <File Path="$PSRCDIR/sources_1/new/four_hertz_clock.v">
      <FileInfo>
        <Attr Name="ImportPath" Val="$PPRDIR/../../../../../project_1.srcs/sources_1/new/four_hertz_clock.v"/>
        <Attr Name="ImportTime" Val="1475137932"/>
        <Attr Name="UsedIn" Val="synthesis"/>
        <Attr Name="UsedIn" Val="implementation"/>
        <Attr Name="UsedIn" Val="simulation"/>
      </FileInfo>
    </File>
    <File Path="$PSRCDIR/sources_1/new/dff.v">
      <FileInfo>
        <Attr Name="ImportPath" Val="$PPRDIR/../../../../../project_1.srcs/sources_1/new/dff.v"/>
        <Attr Name="ImportTime" Val="1475132004"/>
        <Attr Name="UsedIn" Val="synthesis"/>
        <Attr Name="UsedIn" Val="implementation"/>
        <Attr Name="UsedIn" Val="simulation"/>
      </FileInfo>
    </File>
    <File Path="$PSRCDIR/sources_1/new/super_slow_moving_mole.v">
      <FileInfo>
        <Attr Name="ImportPath" Val="$PPRDIR/../../../../project_4.srcs/sources_1/new/super_slow_moving_mole.v"/>
        <Attr Name="ImportTime" Val="1476023820"/>
        <Attr Name="UsedIn" Val="synthesis"/>
        <Attr Name="UsedIn" Val="implementation"/>
        <Attr Name="UsedIn" Val="simulation"/>
      </FileInfo>
    </File>
    <File Path="$PSRCDIR/sources_1/new/slow_blink.v">
      <FileInfo>
        <Attr Name="ImportPath" Val="$PPRDIR/../../../../project_4.srcs/sources_1/new/slow_blink.v"/>
        <Attr Name="ImportTime" Val="1476022089"/>
        <Attr Name="UsedIn" Val="synthesis"/>
        <Attr Name="UsedIn" Val="implementation"/>
        <Attr Name="UsedIn" Val="simulation"/>
      </FileInfo>
    </File>
    <File Path="$PSRCDIR/sources_1/new/fast_blink.v">
      <FileInfo>
        <Attr Name="ImportPath" Val="$PPRDIR/../../../../project_4.srcs/sources_1/new/fast_blink.v"/>
        <Attr Name="ImportTime" Val="1476022537"/>
        <Attr Name="UsedIn" Val="synthesis"/>
        <Attr Name="UsedIn" Val="implementation"/>
        <Attr Name="UsedIn" Val="simulation"/>
      </FileInfo>
    </File>
    <File Path="$PSRCDIR/sources_1/new/slow_moving_mole.v">
      <FileInfo>
        <Attr Name="ImportPath" Val="$PPRDIR/../../../../project_4.srcs/sources_1/new/slow_moving_mole.v"/>
        <Attr Name="ImportTime" Val="1475500529"/>
        <Attr Name="UsedIn" Val="synthesis"/>
        <Attr Name="UsedIn" Val="implementation"/>
        <Attr Name="UsedIn" Val="simulation"/>
      </FileInfo>
    </File>
    <File Path="$PSRCDIR/sources_1/new/med_moving_mole.v">
      <FileInfo>
        <Attr Name="ImportPath" Val="$PPRDIR/../../../../project_4.srcs/sources_1/new/med_moving_mole.v"/>
        <Attr Name="ImportTime" Val="1475670875"/>
        <Attr Name="UsedIn" Val="synthesis"/>
        <Attr Name="UsedIn" Val="implementation"/>
        <Attr Name="UsedIn" Val="simulation"/>
      </FileInfo>
    </File>
    <File Path="$PSRCDIR/sources_1/new/fast_moving_mole.v">
      <FileInfo>
        <Attr Name="ImportPath" Val="$PPRDIR/../../../../project_4.srcs/sources_1/new/fast_moving_mole.v"/>
        <Attr Name="ImportTime" Val="1475670878"/>
        <Attr Name="UsedIn" Val="synthesis"/>
        <Attr Name="UsedIn" Val="implementation"/>
        <Attr Name="UsedIn" Val="simulation"/>
      </FileInfo>
    </File>
    <File Path="$PSRCDIR/sources_1/new/debouncer.v">
      <FileInfo>
        <Attr Name="ImportPath" Val="$PPRDIR/../../../../project_4.srcs/sources_1/new/debouncer.v"/>
        <Attr Name="ImportTime" Val="1475496319"/>
        <Attr Name="UsedIn" Val="synthesis"/>
        <Attr Name="UsedIn" Val="implementation"/>
        <Attr Name="UsedIn" Val="simulation"/>
      </FileInfo>
    </File>
    <File Path="$PSRCDIR/sources_1/new/blinking_mole.v">
      <FileInfo>
        <Attr Name="ImportPath" Val="$PPRDIR/../../../../project_4.srcs/sources_1/new/blinking_mole.v"/>
        <Attr Name="ImportTime" Val="1476022923"/>
        <Attr Name="UsedIn" Val="synthesis"/>
        <Attr Name="UsedIn" Val="implementation"/>
        <Attr Name="UsedIn" Val="simulation"/>
      </FileInfo>
    </File>
    <File Path="$PSRCDIR/sources_1/new/mole.v">
      <FileInfo>
        <Attr Name="ImportPath" Val="$PPRDIR/../../../../project_4.srcs/sources_1/new/mole.v"/>
        <Attr Name="ImportTime" Val="1476024161"/>
        <Attr Name="UsedIn" Val="synthesis"/>
        <Attr Name="UsedIn" Val="implementation"/>
        <Attr Name="UsedIn" Val="simulation"/>
      </FileInfo>
    </File>
    <File Path="$PSRCDIR/sources_1/new/whack_a_mole.v">
      <FileInfo>
        <Attr Name="ImportPath" Val="$PPRDIR/../../../../project_4.srcs/sources_1/new/whack_a_mole.v"/>
        <Attr Name="ImportTime" Val="1476019108"/>
        <Attr Name="UsedIn" Val="synthesis"/>
        <Attr Name="UsedIn" Val="implementation"/>
        <Attr Name="UsedIn" Val="simulation"/>
      </FileInfo>
    </File>
    <File Path="$PSRCDIR/sources_1/new/slow_blinky_module.v">
      <FileInfo>
        <Attr Name="AutoDisabled" Val="1"/>
        <Attr Name="ImportPath" Val="$PPRDIR/../../../../../project_1.srcs/sources_1/new/slow_blinky_module.v"/>
        <Attr Name="ImportTime" Val="1473929044"/>
        <Attr Name="UsedIn" Val="synthesis"/>
        <Attr Name="UsedIn" Val="implementation"/>
        <Attr Name="UsedIn" Val="simulation"/>
      </FileInfo>
    </File>
    <File Path="$PSRCDIR/sources_1/new/two_to_one_mux.v">
      <FileInfo>
        <Attr Name="AutoDisabled" Val="1"/>
        <Attr Name="ImportPath" Val="$PPRDIR/../../../../../project_1.srcs/sources_1/new/two_to_one_mux.v"/>
        <Attr Name="ImportTime" Val="1473928390"/>
        <Attr Name="UsedIn" Val="synthesis"/>
        <Attr Name="UsedIn" Val="implementation"/>
        <Attr Name="UsedIn" Val="simulation"/>
      </FileInfo>
    </File>
    <File Path="$PSRCDIR/sources_1/new/fast_blinky.v">
      <FileInfo>
        <Attr Name="AutoDisabled" Val="1"/>
        <Attr Name="ImportPath" Val="$PPRDIR/../../../../../project_1.srcs/sources_1/new/fast_blinky.v"/>
        <Attr Name="ImportTime" Val="1473927626"/>
        <Attr Name="UsedIn" Val="synthesis"/>
        <Attr Name="UsedIn" Val="implementation"/>
        <Attr Name="UsedIn" Val="simulation"/>
      </FileInfo>
    </File>
    <File Path="$PSRCDIR/sources_1/new/single_pulse.v">
      <FileInfo>
        <Attr Name="AutoDisabled" Val="1"/>
        <Attr Name="ImportPath" Val="$PPRDIR/../../../../../project_1.srcs/sources_1/new/single_pulse.v"/>
        <Attr Name="ImportTime" Val="1475139816"/>
        <Attr Name="UsedIn" Val="synthesis"/>
        <Attr Name="UsedIn" Val="implementation"/>
        <Attr Name="UsedIn" Val="simulation"/>
      </FileInfo>
    </File>
    <File Path="$PSRCDIR/sources_1/new/led_array.v">
      <FileInfo>
        <Attr Name="AutoDisabled" Val="1"/>
        <Attr Name="ImportPath" Val="$PPRDIR/../../../../../project_1.srcs/sources_1/new/led_array.v"/>
        <Attr Name="ImportTime" Val="1475137574"/>
        <Attr Name="UsedIn" Val="synthesis"/>
        <Attr Name="UsedIn" Val="implementation"/>
        <Attr Name="UsedIn" Val="simulation"/>
      </FileInfo>
    </File>
    <File Path="$PSRCDIR/sources_1/new/final3.v">
      <FileInfo>
        <Attr Name="AutoDisabled" Val="1"/>
        <Attr Name="ImportPath" Val="$PPRDIR/../../../../../project_1.srcs/sources_1/new/final3.v"/>
        <Attr Name="ImportTime" Val="1473928488"/>
        <Attr Name="UsedIn" Val="synthesis"/>
        <Attr Name="UsedIn" Val="implementation"/>
        <Attr Name="UsedIn" Val="simulation"/>
      </FileInfo>
    </File>
    <File Path="$PSRCDIR/sources_1/new/blinky.v">
      <FileInfo>
        <Attr Name="AutoDisabled" Val="1"/>
        <Attr Name="ImportPath" Val="$PPRDIR/../../../../../project_1.srcs/sources_1/new/blinky.v"/>
        <Attr Name="ImportTime" Val="1473921906"/>
        <Attr Name="UsedIn" Val="synthesis"/>
        <Attr Name="UsedIn" Val="implementation"/>
        <Attr Name="UsedIn" Val="simulation"/>
      </FileInfo>
    </File>
    <Config>
      <Option Name="DesignMode" Val="RTL"/>
      <Option Name="TopModule" Val="whack_a_mole"/>
    </Config>
  </FileSet>
  <FileSet Name="constrs_in" Type="Constrs" RelSrcDir="$PSRCDIR/constrs_1">
    <Filter Type="Constrs"/>
    <File Path="$PSRCDIR/constrs_1/imports/Lab Manuals Assignment Files/Basys3_Master.xdc">
      <FileInfo>
        <Attr Name="ImportPath" Val="$PPRDIR/../../../../../../Lab Manuals Assignment Files/Basys3_Master.xdc"/>
        <Attr Name="ImportTime" Val="1472447382"/>
        <Attr Name="UsedIn" Val="synthesis"/>
        <Attr Name="UsedIn" Val="implementation"/>
      </FileInfo>
    </File>
    <Config>
      <Option Name="ConstrsType" Val="XDC"/>
    </Config>
  </FileSet>
  <Strategy Version="1" Minor="2">
    <StratHandle Name="Vivado Synthesis Defaults" Flow="Vivado Synthesis 2016"/>
    <Step Id="synth_design"/>
  </Strategy>
</GenRun>
