<?xml version="1.0" encoding="UTF-8"?>
<GenRun Id="impl_1" LaunchPart="xc7a35tcpg236-1" LaunchTime="1476024173">
  <File Type="ROUTE-STATUS-PB" Name="whack_a_mole_route_status.pb"/>
  <File Type="PA-TCL" Name="whack_a_mole.tcl"/>
  <File Type="OPT-DCP" Name="whack_a_mole_opt.dcp"/>
  <File Type="INIT-TIMING" Name="whack_a_mole_timing_summary_init.rpt"/>
  <File Type="OPT-METHODOLOGY-DRC" Name="whack_a_mole_methodology_drc_opted.rpt"/>
  <File Type="RDI-RDI" Name="whack_a_mole.vdi"/>
  <File Type="PWROPT-DRC" Name="whack_a_mole_drc_pwropted.rpt"/>
  <File Type="OPT-DRC" Name="whack_a_mole_drc_opted.rpt"/>
  <File Type="PWROPT-DCP" Name="whack_a_mole_pwropt.dcp"/>
  <File Type="OPT-HWDEF" Name="whack_a_mole.hwdef"/>
  <File Type="OPT-TIMING" Name="whack_a_mole_timing_summary_opted.rpt"/>
  <File Type="PWROPT-TIMING" Name="whack_a_mole_timing_summary_pwropted.rpt"/>
  <File Type="PLACE-DCP" Name="whack_a_mole_placed.dcp"/>
  <File Type="PLACE-IO" Name="whack_a_mole_io_placed.rpt"/>
  <File Type="PLACE-CLK" Name="whack_a_mole_clock_utilization_placed.rpt"/>
  <File Type="PLACE-UTIL" Name="whack_a_mole_utilization_placed.rpt"/>
  <File Type="PLACE-UTIL-PB" Name="whack_a_mole_utilization_placed.pb"/>
  <File Type="PLACE-CTRL" Name="whack_a_mole_control_sets_placed.rpt"/>
  <File Type="PLACE-SIMILARITY" Name="whack_a_mole_incremental_reuse_placed.rpt"/>
  <File Type="PLACE-PRE-SIMILARITY" Name="whack_a_mole_incremental_reuse_pre_placed.rpt"/>
  <File Type="PLACE-TIMING" Name="whack_a_mole_timing_summary_placed.rpt"/>
  <File Type="POSTPLACE-PWROPT-DCP" Name="whack_a_mole_postplace_pwropt.dcp"/>
  <File Type="POSTPLACE-PWROPT-TIMING" Name="whack_a_mole_timing_summary_postplace_pwropted.rpt"/>
  <File Type="PHYSOPT-DCP" Name="whack_a_mole_physopt.dcp"/>
  <File Type="PHYSOPT-DRC" Name="whack_a_mole_drc_physopted.rpt"/>
  <File Type="PHYSOPT-TIMING" Name="whack_a_mole_timing_summary_physopted.rpt"/>
  <File Type="ROUTE-DCP" Name="whack_a_mole_routed.dcp"/>
  <File Type="ROUTE-BLACKBOX-DCP" Name="whack_a_mole_routed_bb.dcp"/>
  <File Type="ROUTE-DRC" Name="whack_a_mole_drc_routed.rpt"/>
  <File Type="ROUTE-DRC-PB" Name="whack_a_mole_drc_routed.pb"/>
  <File Type="ROUTE-METHODOLOGY-DRC" Name="whack_a_mole_methodology_drc_routed.rpt"/>
  <File Type="ROUTE-METHODOLOGY-DRC-PB" Name="whack_a_mole_methodology_drc_routed.pb"/>
  <File Type="BG-BIT" Name="whack_a_mole.bit"/>
  <File Type="ROUTE-PWR" Name="whack_a_mole_power_routed.rpt"/>
  <File Type="ROUTE-PWR-SUM" Name="whack_a_mole_power_summary_routed.pb"/>
  <File Type="ROUTE-PWR-RPX" Name="whack_a_mole_power_routed.rpx"/>
  <File Type="ROUTE-STATUS" Name="whack_a_mole_route_status.rpt"/>
  <File Type="ROUTE-TIMINGSUMMARY" Name="whack_a_mole_timing_summary_routed.rpt"/>
  <File Type="ROUTE-TIMING-PB" Name="whack_a_mole_timing_summary_routed.pb"/>
  <File Type="ROUTE-TIMING-RPX" Name="whack_a_mole_timing_summary_routed.rpx"/>
  <File Type="ROUTE-SIMILARITY" Name="whack_a_mole_incremental_reuse_routed.rpt"/>
  <File Type="ROUTE-CLK" Name="whack_a_mole_clock_utilization_routed.rpt"/>
  <File Type="POSTROUTE-PHYSOPT-DCP" Name="whack_a_mole_postroute_physopt.dcp"/>
  <File Type="POSTROUTE-PHYSOPT-BLACKBOX-DCP" Name="whack_a_mole_postroute_physopt_bb.dcp"/>
  <File Type="POSTROUTE-PHYSOPT-TIMING" Name="whack_a_mole_timing_summary_postroute_physopted.rpt"/>
  <File Type="POSTROUTE-PHYSOPT-TIMING-PB" Name="whack_a_mole_timing_summary_postroute_physopted.pb"/>
  <File Type="POSTROUTE-PHYSOPT-TIMING-RPX" Name="whack_a_mole_timing_summary_postroute_physopted.rpx"/>
  <File Type="BG-BIN" Name="whack_a_mole.bin"/>
  <File Type="BITSTR-MSK" Name="whack_a_mole.msk"/>
  <File Type="BITSTR-RBT" Name="whack_a_mole.rbt"/>
  <File Type="BITSTR-NKY" Name="whack_a_mole.nky"/>
  <File Type="BITSTR-BMM" Name="whack_a_mole_bd.bmm"/>
  <File Type="BITSTR-MMI" Name="whack_a_mole.mmi"/>
  <File Type="BITSTR-SYSDEF" Name="whack_a_mole.sysdef"/>
  <File Type="BG-BGN" Name="whack_a_mole.bgn"/>
  <File Type="BG-DRC" Name="whack_a_mole.drc"/>
  <File Type="WBT-USG" Name="usage_statistics_webtalk.html"/>
  <FileSet Name="sources" Type="DesignSrcs" RelSrcDir="$PSRCDIR/sources_1">
    <Filter Type="Srcs"/>
    <File Path="$PSRCDIR/sources_1/new/four_hertz_clock.v">
      <FileInfo>
        <Attr Name="ImportPath" Val="$PPRDIR/../../../../../project_1.srcs/sources_1/new/four_hertz_clock.v"/>
        <Attr Name="ImportTime" Val="1475137932"/>
        <Attr Name="UsedIn" Val="synthesis"/>
        <Attr Name="UsedIn" Val="implementation"/>
        <Attr Name="UsedIn" Val="simulation"/>
      </FileInfo>
    </File>
    <File Path="$PSRCDIR/sources_1/new/dff.v">
      <FileInfo>
        <Attr Name="ImportPath" Val="$PPRDIR/../../../../../project_1.srcs/sources_1/new/dff.v"/>
        <Attr Name="ImportTime" Val="1475132004"/>
        <Attr Name="UsedIn" Val="synthesis"/>
        <Attr Name="UsedIn" Val="implementation"/>
        <Attr Name="UsedIn" Val="simulation"/>
      </FileInfo>
    </File>
    <File Path="$PSRCDIR/sources_1/new/super_slow_moving_mole.v">
      <FileInfo>
        <Attr Name="ImportPath" Val="$PPRDIR/../../../../project_4.srcs/sources_1/new/super_slow_moving_mole.v"/>
        <Attr Name="ImportTime" Val="1476023820"/>
        <Attr Name="UsedIn" Val="synthesis"/>
        <Attr Name="UsedIn" Val="implementation"/>
        <Attr Name="UsedIn" Val="simulation"/>
      </FileInfo>
    </File>
    <File Path="$PSRCDIR/sources_1/new/slow_blink.v">
      <FileInfo>
        <Attr Name="ImportPath" Val="$PPRDIR/../../../../project_4.srcs/sources_1/new/slow_blink.v"/>
        <Attr Name="ImportTime" Val="1476022089"/>
        <Attr Name="UsedIn" Val="synthesis"/>
        <Attr Name="UsedIn" Val="implementation"/>
        <Attr Name="UsedIn" Val="simulation"/>
      </FileInfo>
    </File>
    <File Path="$PSRCDIR/sources_1/new/fast_blink.v">
      <FileInfo>
        <Attr Name="ImportPath" Val="$PPRDIR/../../../../project_4.srcs/sources_1/new/fast_blink.v"/>
        <Attr Name="ImportTime" Val="1476022537"/>
        <Attr Name="UsedIn" Val="synthesis"/>
        <Attr Name="UsedIn" Val="implementation"/>
        <Attr Name="UsedIn" Val="simulation"/>
      </FileInfo>
    </File>
    <File Path="$PSRCDIR/sources_1/new/slow_moving_mole.v">
      <FileInfo>
        <Attr Name="ImportPath" Val="$PPRDIR/../../../../project_4.srcs/sources_1/new/slow_moving_mole.v"/>
        <Attr Name="ImportTime" Val="1475500529"/>
        <Attr Name="UsedIn" Val="synthesis"/>
        <Attr Name="UsedIn" Val="implementation"/>
        <Attr Name="UsedIn" Val="simulation"/>
      </FileInfo>
    </File>
    <File Path="$PSRCDIR/sources_1/new/med_moving_mole.v">
      <FileInfo>
        <Attr Name="ImportPath" Val="$PPRDIR/../../../../project_4.srcs/sources_1/new/med_moving_mole.v"/>
        <Attr Name="ImportTime" Val="1475670875"/>
        <Attr Name="UsedIn" Val="synthesis"/>
        <Attr Name="UsedIn" Val="implementation"/>
        <Attr Name="UsedIn" Val="simulation"/>
      </FileInfo>
    </File>
    <File Path="$PSRCDIR/sources_1/new/fast_moving_mole.v">
      <FileInfo>
        <Attr Name="ImportPath" Val="$PPRDIR/../../../../project_4.srcs/sources_1/new/fast_moving_mole.v"/>
        <Attr Name="ImportTime" Val="1475670878"/>
        <Attr Name="UsedIn" Val="synthesis"/>
        <Attr Name="UsedIn" Val="implementation"/>
        <Attr Name="UsedIn" Val="simulation"/>
      </FileInfo>
    </File>
    <File Path="$PSRCDIR/sources_1/new/debouncer.v">
      <FileInfo>
        <Attr Name="ImportPath" Val="$PPRDIR/../../../../project_4.srcs/sources_1/new/debouncer.v"/>
        <Attr Name="ImportTime" Val="1475496319"/>
        <Attr Name="UsedIn" Val="synthesis"/>
        <Attr Name="UsedIn" Val="implementation"/>
        <Attr Name="UsedIn" Val="simulation"/>
      </FileInfo>
    </File>
    <File Path="$PSRCDIR/sources_1/new/blinking_mole.v">
      <FileInfo>
        <Attr Name="ImportPath" Val="$PPRDIR/../../../../project_4.srcs/sources_1/new/blinking_mole.v"/>
        <Attr Name="ImportTime" Val="1476022923"/>
        <Attr Name="UsedIn" Val="synthesis"/>
        <Attr Name="UsedIn" Val="implementation"/>
        <Attr Name="UsedIn" Val="simulation"/>
      </FileInfo>
    </File>
    <File Path="$PSRCDIR/sources_1/new/mole.v">
      <FileInfo>
        <Attr Name="ImportPath" Val="$PPRDIR/../../../../project_4.srcs/sources_1/new/mole.v"/>
        <Attr Name="ImportTime" Val="1476024161"/>
        <Attr Name="UsedIn" Val="synthesis"/>
        <Attr Name="UsedIn" Val="implementation"/>
        <Attr Name="UsedIn" Val="simulation"/>
      </FileInfo>
    </File>
    <File Path="$PSRCDIR/sources_1/new/whack_a_mole.v">
      <FileInfo>
        <Attr Name="ImportPath" Val="$PPRDIR/../../../../project_4.srcs/sources_1/new/whack_a_mole.v"/>
        <Attr Name="ImportTime" Val="1476019108"/>
        <Attr Name="UsedIn" Val="synthesis"/>
        <Attr Name="UsedIn" Val="implementation"/>
        <Attr Name="UsedIn" Val="simulation"/>
      </FileInfo>
    </File>
    <File Path="$PSRCDIR/sources_1/new/slow_blinky_module.v">
      <FileInfo>
        <Attr Name="AutoDisabled" Val="1"/>
        <Attr Name="ImportPath" Val="$PPRDIR/../../../../../project_1.srcs/sources_1/new/slow_blinky_module.v"/>
        <Attr Name="ImportTime" Val="1473929044"/>
        <Attr Name="UsedIn" Val="synthesis"/>
        <Attr Name="UsedIn" Val="implementation"/>
        <Attr Name="UsedIn" Val="simulation"/>
      </FileInfo>
    </File>
    <File Path="$PSRCDIR/sources_1/new/two_to_one_mux.v">
      <FileInfo>
        <Attr Name="AutoDisabled" Val="1"/>
        <Attr Name="ImportPath" Val="$PPRDIR/../../../../../project_1.srcs/sources_1/new/two_to_one_mux.v"/>
        <Attr Name="ImportTime" Val="1473928390"/>
        <Attr Name="UsedIn" Val="synthesis"/>
        <Attr Name="UsedIn" Val="implementation"/>
        <Attr Name="UsedIn" Val="simulation"/>
      </FileInfo>
    </File>
    <File Path="$PSRCDIR/sources_1/new/fast_blinky.v">
      <FileInfo>
        <Attr Name="AutoDisabled" Val="1"/>
        <Attr Name="ImportPath" Val="$PPRDIR/../../../../../project_1.srcs/sources_1/new/fast_blinky.v"/>
        <Attr Name="ImportTime" Val="1473927626"/>
        <Attr Name="UsedIn" Val="synthesis"/>
        <Attr Name="UsedIn" Val="implementation"/>
        <Attr Name="UsedIn" Val="simulation"/>
      </FileInfo>
    </File>
    <File Path="$PSRCDIR/sources_1/new/single_pulse.v">
      <FileInfo>
        <Attr Name="AutoDisabled" Val="1"/>
        <Attr Name="ImportPath" Val="$PPRDIR/../../../../../project_1.srcs/sources_1/new/single_pulse.v"/>
        <Attr Name="ImportTime" Val="1475139816"/>
        <Attr Name="UsedIn" Val="synthesis"/>
        <Attr Name="UsedIn" Val="implementation"/>
        <Attr Name="UsedIn" Val="simulation"/>
      </FileInfo>
    </File>
    <File Path="$PSRCDIR/sources_1/new/led_array.v">
      <FileInfo>
        <Attr Name="AutoDisabled" Val="1"/>
        <Attr Name="ImportPath" Val="$PPRDIR/../../../../../project_1.srcs/sources_1/new/led_array.v"/>
        <Attr Name="ImportTime" Val="1475137574"/>
        <Attr Name="UsedIn" Val="synthesis"/>
        <Attr Name="UsedIn" Val="implementation"/>
        <Attr Name="UsedIn" Val="simulation"/>
      </FileInfo>
    </File>
    <File Path="$PSRCDIR/sources_1/new/final3.v">
      <FileInfo>
        <Attr Name="AutoDisabled" Val="1"/>
        <Attr Name="ImportPath" Val="$PPRDIR/../../../../../project_1.srcs/sources_1/new/final3.v"/>
        <Attr Name="ImportTime" Val="1473928488"/>
        <Attr Name="UsedIn" Val="synthesis"/>
        <Attr Name="UsedIn" Val="implementation"/>
        <Attr Name="UsedIn" Val="simulation"/>
      </FileInfo>
    </File>
    <File Path="$PSRCDIR/sources_1/new/blinky.v">
      <FileInfo>
        <Attr Name="AutoDisabled" Val="1"/>
        <Attr Name="ImportPath" Val="$PPRDIR/../../../../../project_1.srcs/sources_1/new/blinky.v"/>
        <Attr Name="ImportTime" Val="1473921906"/>
        <Attr Name="UsedIn" Val="synthesis"/>
        <Attr Name="UsedIn" Val="implementation"/>
        <Attr Name="UsedIn" Val="simulation"/>
      </FileInfo>
    </File>
    <Config>
      <Option Name="DesignMode" Val="RTL"/>
      <Option Name="TopModule" Val="whack_a_mole"/>
    </Config>
  </FileSet>
  <FileSet Name="constrs_in" Type="Constrs" RelSrcDir="$PSRCDIR/constrs_1">
    <Filter Type="Constrs"/>
    <File Path="$PSRCDIR/constrs_1/imports/Lab Manuals Assignment Files/Basys3_Master.xdc">
      <FileInfo>
        <Attr Name="ImportPath" Val="$PPRDIR/../../../../../../Lab Manuals Assignment Files/Basys3_Master.xdc"/>
        <Attr Name="ImportTime" Val="1472447382"/>
        <Attr Name="UsedIn" Val="synthesis"/>
        <Attr Name="UsedIn" Val="implementation"/>
      </FileInfo>
    </File>
    <Config>
      <Option Name="ConstrsType" Val="XDC"/>
    </Config>
  </FileSet>
  <Strategy Version="1" Minor="2">
    <StratHandle Name="Vivado Implementation Defaults" Flow="Vivado Implementation 2016"/>
    <Step Id="init_design"/>
    <Step Id="opt_design"/>
    <Step Id="power_opt_design"/>
    <Step Id="place_design"/>
    <Step Id="post_place_power_opt_design"/>
    <Step Id="phys_opt_design"/>
    <Step Id="route_design"/>
    <Step Id="post_route_phys_opt_design"/>
    <Step Id="write_bitstream"/>
  </Strategy>
</GenRun>
