<?xml version="1.0" encoding="UTF-8"?>
<GenRun Id="cordic_1_synth_1" LaunchPart="xc7a35tcpg236-1" LaunchTime="1478248685">
  <File Type="PA-TCL" Name="cordic_1.tcl"/>
  <File Type="RDS-PROPCONSTRS" Name="cordic_1_drc_synth.rpt"/>
  <File Type="RDS-RDS" Name="cordic_1.vds"/>
  <File Type="RDS-UTIL" Name="cordic_1_utilization_synth.rpt"/>
  <File Type="RDS-UTIL-PB" Name="cordic_1_utilization_synth.pb"/>
  <File Type="RDS-DCP" Name="cordic_1.dcp"/>
  <File Type="VDS-TIMINGSUMMARY" Name="cordic_1_timing_summary_synth.rpt"/>
  <File Type="VDS-TIMING-PB" Name="cordic_1_timing_summary_synth.pb"/>
  <FileSet Name="sources" Type="BlockSrcs" RelSrcDir="$PSRCDIR/cordic_1">
    <File Path="$PSRCDIR/sources_1/ip/cordic_1/cordic_1.xci">
      <FileInfo>
        <Attr Name="ImportPath" Val="$PPRDIR/../../../../project_2.srcs/sources_1/ip/cordic_1/cordic_1.xci"/>
        <Attr Name="ImportTime" Val="1478248677"/>
        <Attr Name="UsedIn" Val="synthesis"/>
        <Attr Name="UsedIn" Val="implementation"/>
        <Attr Name="UsedIn" Val="simulation"/>
      </FileInfo>
    </File>
    <Config>
      <Option Name="TopModule" Val="cordic_1"/>
      <Option Name="UseBlackboxStub" Val="1"/>
    </Config>
  </FileSet>
  <FileSet Name="constrs_in" Type="BlockSrcs" RelSrcDir="$PSRCDIR/cordic_1">
    <File Path="$PSRCDIR/sources_1/ip/cordic_1/cordic_1.xci">
      <FileInfo>
        <Attr Name="ImportPath" Val="$PPRDIR/../../../../project_2.srcs/sources_1/ip/cordic_1/cordic_1.xci"/>
        <Attr Name="ImportTime" Val="1478248677"/>
        <Attr Name="UsedIn" Val="synthesis"/>
        <Attr Name="UsedIn" Val="implementation"/>
        <Attr Name="UsedIn" Val="simulation"/>
      </FileInfo>
    </File>
    <Config>
      <Option Name="TopModule" Val="cordic_1"/>
      <Option Name="UseBlackboxStub" Val="1"/>
    </Config>
  </FileSet>
  <Strategy Version="1" Minor="2">
    <StratHandle Name="Vivado Synthesis Defaults" Flow="Vivado Synthesis 2016"/>
    <Step Id="synth_design"/>
  </Strategy>
</GenRun>
